chain,blockNumber,transactionHash
ETH,20707385,bdce2d403d827e79a7b657058c94411a7fb823282ff83cfc157b1db22510b556
ETH,20710161,9aca8f00c3fc82d8b73f6238657c890d1566af6a875de5427f76e6b2c15efdf7
ETH,20707903,aba74cb42bb25bf575938bd0b0325bf984bd999560b52f2256f52645fcb69ed2
ETH,20711067,b96e7b4425873cff145bec4e0d2ec82522a4c952daeff2d1b6f6053541924601
ETH,20708760,23a70cb4d70c220542695f87cfe8f06bfaf8dd13612c3e4bf75a6c68ccca7815
ETH,20707734,de3d1f26c068fe4c1b73f56f50c784784d31ad59b877deec212583d3b92990d2
ETH,20708469,3580031ae455c6aa034256d10655d0ca5b7f360fa2c9e9d8cbcdafcd53bb0e62
ETH,20711056,0f9842e9d545c5677f0d9393bd6a56709f513ee6f38b17542c772c5bde0b5049
ETH,20709897,950258369a84bbd6990686577ac0721e88926ca3858552b47d9d66f0ff33e6fe
ETH,20708917,4cf336009c9410518769610ddd931371ce89510ab51dc841466a12c38d8eeb9a
ETH,20708585,e80994bb6ffc6cd6b9fa2ceb361fdb777fd1959a55c0a4b6f1a18589ad9ce0fb
ETH,20708215,89ac3756bc8d2cec0d32589c7609722312dbc53850da2dc5e385dd2a31ff3dd7
ETH,20711117,c0434d2bdde7339a87c3025649fc676cfc5685a4e7e68bb6ecdac5caee2bc9fd
ETH,20710904,54d911b96d241bbc0d0356aecdc2d63dc662b40aa8512a5edae0a28667891c53
ETH,20710910,84fd5af5b638a1b1e8e0224c6126be8c2761631e1e6baa91a449d895e7f736e1
ETH,20707844,e5cb05c8db7d9592fc3f8350184dc0735ec9ee2fcf6b5aac1e82254c95f222d8
ETH,20710148,f25524a80e6fdd56a85f0faedf658cb7bf50c7f16c086cb13c1b9f4d715f6073
ETH,20708630,98ce6b4529b535f60150a8fcc09a0bc6c9c999f78cda9135676cb943e46a6293
ETH,20710149,59571bceaa6bfc8ed673801c633413a6e398fec91477314df68545776133f9ad
ETH,20707725,f04caa564b325f6336240698be3cf7e8117b52bd3b2d4a13dcd2c73478522e03
ETH,20707560,072dbe47d67c14d8fe1de3c805307230014756512c73858649155aa954be258f
ETH,20709774,4607c21ae2cde996ca6d20bf73871da9621edc9a2a97e18c8dd70b2deed837f3
ETH,20708076,82802eaceec882b57e6f50c11df48bdc43cc4492a837080eff25e64152ce8bc7
ETH,20710965,e0920a5682705f2b3967b4ac6384de7211bc04add683e50ccc8fc8a645690528
ETH,20709022,127f7ccd2778b2d39dd2dd9011aa245e1ab42d0617dbffc62ddc0087d942e85c
ETH,20710221,fe1ce216cec87dd8ebab09ada48960682952a9ea99e3705870faef3e7a0b4785
ETH,20711871,ed34025f6b656f08005479ca753118f3e3e42e6ee24629a755ccc83251db6caa
ETH,20707927,ce53494117ee08eedcfa99c8f561f7f39cd7eb34963c1e5bf391c42f26074fc3
ETH,20708093,52fb949dce47184aa8a05c39fbaa1d35ff09965b2f0a7ce70c3e0ad57a5af16a
ETH,20708160,95692317ed0070655eebb3ea7ab67d2d5b01d6de9e9ec67c86a990b1fc8b039d
ETH,20710292,d3df2350ad1a6ddb0e17d26d801f88b79d7ad046fc9cb2838afb9cd630c2324d
ETH,20709584,3d4cae54ec5fda6b5b9e8287029b57f60acf6f47bc02731a66b4610bfcc3ebfa
ETH,20710240,05c7888987e14dcfecb69e8a34fda0839c6cfc1b0b7f006c6308878962988f8f
ETH,20709916,4d307deba5d565ff21013fbaf08247a1d597cc1c661820a0f357b9db8d5dfe75
ETH,20711908,8a21062effc48e7db13b330c307b5c7b63c3b709ce13a7934c601c9ad3c2b7d0
ETH,20710890,3a579d9b547a4497e15fa49dd5c08675b87166abee0a52965a8ae057c66be9a1
ETH,20709835,5600f951fd716e002e99b1e30a0a3dad652f5ee4b877291766b32aab256a5b31
ETH,20710102,e319f7618eab4d5c0cc5ceff7d836aa59fac4145168cb79a19024005366b58e0
ETH,20710435,229703e056f4dc666fae27cbcb2ef0ef9f45f6524ea32b93cfd5a530ee63dab3
ETH,20711364,9e6220e6a782a657e93ad1c3c87b9901f96247b459c98e45b2121153e5893a75
ETH,20709863,c5e5f6dae81440201935aae3ea466e04428ecaadaec591d14d5221cf3995f362
ETH,20710666,cc9415f44c7c26230a606c2ff03a4e32d55528fac53837c3436d8232d469e69e
ETH,20711491,d345d03eab62c2b139e73f11a333206783724a26375701827b9e76457786286d
ETH,20711764,0ed69366e0bccb604a6231a4ce2cb2eb23f386d11d6b83b9d4cb11b7743e09fc
ETH,20712117,ca608fc7493f208a0aac5c6415d0f9dc6a0899d65ede50f676f36c83a42c765b
ETH,20709853,091026799486814ce61fc4b51c0b7855568d83ec4d89d49206a48e5225cda0f5
ETH,20708860,cee72ce5d203d89bd79efda61d4f46280e2af360ffb1f6beddb1570af3ac8973
ETH,20711848,0a83525ff0b9aa9b7003d46aaf07cb19d3c39702845a7ea43bd80b7335b03da0
ETH,20711652,10b94911b62c3c920df30bf5842b1d238e286d3796e44367eb0317a3b3869a5f
ETH,20711557,850f1f97c7223f61d8ae1863245e4ae11508801955a39baf63bc71f2ebc761bb
